<beans xmlns="http://www.springframework.org/schema/beans"
	xmlns:xsi="http://www.w3.org/2001/XMLSchema-instance" xmlns:jaxrs="http://cxf.apache.org/jaxrs"
	xmlns:cxf="http://cxf.apache.org/core" xmlns:context="http://www.springframework.org/schema/context"
	xsi:schemaLocation="
         http://www.springframework.org/schema/beans http://www.springframework.org/schema/beans/spring-beans.xsd
         http://www.springframework.org/schema/context http://www.springframework.org/schema/context/spring-context-3.0.xsd
         http://cxf.apache.org/jaxrs http://cxf.apache.org/schemas/jaxrs.xsd
         http://cxf.apache.org/schemas/core.xsd
         http://cxf.apache.org/core">

	<context:annotation-config />

	<!-- scans and register beans using annotation-config (metadata) -->
	<context:component-scan base-package="com.rest.impl" />

	<jaxrs:server id="studentservice" address="/">
		<jaxrs:serviceBeans>
			<ref bean="studentserviceBean" />
		</jaxrs:serviceBeans>

		<jaxrs:providers>
			<ref bean="jsonProvider" />
			<ref bean="dataNotFoundExceptionHandler" />
			<ref bean="duplicateRecordExceptionHandler"/>
			<ref bean="dataNotValidExceptionHandler"/>
		</jaxrs:providers>

		<jaxrs:features>

			<cxf:logging />

		</jaxrs:features>

	</jaxrs:server>

	<bean id="studentDao" class="com.rest.dao.StudentServiceDao" />

	<bean id="jsonProvider" class="org.codehaus.jackson.jaxrs.JacksonJsonProvider" />

	<bean id="dataNotFoundExceptionHandler" class="com.rest.exceptions.DataNotFoundExceptionHandler" />
	<bean id="duplicateRecordExceptionHandler" class="com.rest.exceptions.DuplicateRecordExceptionHandler"/>
	<bean id="dataNotValidExceptionHandler" class="com.rest.exceptions.DataNotValidExceptionHandler"/>
</beans>