<?xml version="1.0" encoding="UTF-8"?>
<!-- Configures the Camel Context -->

<beans xmlns="http://www.springframework.org/schema/beans"
	xmlns:xsi="http://www.w3.org/2001/XMLSchema-instance" xmlns:camel="http://camel.apache.org/schema/spring"
	xsi:schemaLocation="
       http://www.springframework.org/schema/beans http://www.springframework.org/schema/beans/spring-beans.xsd
       http://camel.apache.org/schema/spring http://camel.apache.org/schema/spring/camel-spring.xsd">


	<camelContext id="context1" xmlns="http://camel.apache.org/schema/spring">

		<dataFormats>
			<xmljson id="xmljson" />
			<xmljson id="xmljsonWithOptions" forceTopLevelObject="true"
				trimSpaces="true" rootName="newRoot" skipNamespaces="true"
				removeNamespacePrefixes="true" expandableProperties="d e" />
		</dataFormats>

		<!-- converts xml to json -->
		<route id="xmltojson">
			<from uri="direct:marshal" />
			<marshal ref="xmljson" />
			<to uri="stream:out" />
		</route>
	</camelContext>
</beans>